{
  "type": "minecraft:blasting",
  "ingredient": [
    {
      "item": "minecraft:diamond_pickaxe"
    },
    {
      "item": "minecraft:diamond_shovel"
    },
    {
      "item": "minecraft:diamond_axe"
    },
    {
      "item": "minecraft:diamond_hoe"
    },
    {
      "item": "minecraft:diamond_sword"
    },
    {
      "item": "minecraft:diamond_boots"
    },
    {
      "item": "minecraft:diamond_chestplate"
    },
    {
      "item": "minecraft:diamond_helmet"
    },
    {
      "item": "minecraft:diamond_leggings"
    }
  ],
  "result": "minecraft:emerald",
  "experience": 100,
  "cookingtime": 500
}
