{
  "type": "minecraft:blasting",
  "ingredient": [
    {
      "item": "minecraft:iron_pickaxe"
    },
    {
      "item": "minecraft:iron_shovel"
    },
    {
      "item": "minecraft:iron_axe"
    },
    {
      "item": "minecraft:iron_hoe"
    },
    {
      "item": "minecraft:iron_sword"
    },
    {
      "item": "minecraft:iron_boots"
    },
    {
      "item": "minecraft:iron_chestplate"
    },
    {
      "item": "minecraft:iron_helmet"
    },
    {
      "item": "minecraft:iron_leggings"
    },
    {
      "item": "minecraft:iron_horse_armor"
    }
  ],
  "result": "minecraft:iron_ingot",
  "experience": 70,
  "cookingtime": 400
}
