{
  "type": "minecraft:blasting",
  "ingredient": [
    {
      "item": "minecraft:netherite_pickaxe"
    },
    {
      "item": "minecraft:netherite_shovel"
    },
    {
      "item": "minecraft:netherite_axe"
    },
    {
      "item": "minecraft:netherite_hoe"
    },
    {
      "item": "minecraft:netherite_sword"
    },
    {
      "item": "minecraft:netherite_boots"
    },
    {
      "item": "minecraft:netherite_chestplate"
    },
    {
      "item": "minecraft:netherite_helmet"
    },
    {
      "item": "minecraft:netherite_leggings"
    }
  ],
  "result": "minecraft:netherite_ingot",
  "experience": 150,
  "cookingtime": 700
}
